identifier,title,date,language,collection,url,keywords
dr_composite-map-of-tavola-1-60-map-of-the-world-with-additional-spheres-10130087,(Composite map of) Tavola 1-60. (Map of the World) (with additional spheres and labels in the four corners).,1587,[None],david-rumsey-map-collection,https://archive.org/download/dr_composite-map-of-tavola-1-60-map-of-the-world-with-additional-spheres-10130087/10130087.jpg,#datavisualization #art
dr_composite-map-mappemonde-dress-es-en-1450-par-fra-mauro-cosmographe-vene-11177007,"(Composite map) Mappemonde dress es en 1450, par Fra Mauro cosmographe Venetien. Par order d'Alphonse V. Roide Portugal. Publiee pour la premiere fois de la grandeur de l'original avec toutes les Legendes par Le Vicomte de Santarem, 1854. J. J. Feuquieres, lith. Schwaerzle Sculp. Pl. I-VI.","['1450', '1854']",[None],david-rumsey-map-collection,https://archive.org/download/dr_composite-map-mappemonde-dress-es-en-1450-par-fra-mauro-cosmographe-vene-11177007/11177007.jpg,#datavisualization
dr_page-4-adams-synchronological-chart-of-universal-history-through-the-ey-6000005,"(Page 4) Adams' Synchronological Chart of Universal History. Through the Eye to the Mind. A Chronological chart of Ancient, Modern and Biblical History, Synchronized by Sebastian C. Adams. Third Edition and Twelfth-Thousand carefully and critically revised and brought down to 1878. Colby & Co. Publishers, 39 Union Square, New York. The Strowbridge Lithographing Company, Cincinnati, O. Entered According to Act of Congress in the Year A.D. 1871, by S.C. Admas, in the Office of the Librarian of Congress at Washington, D.C. (On the title page) Adams' Synchronological Chart of Universal History...Through the Eye to the Mind.",1881,[None],david-rumsey-map-collection,https://archive.org/download/dr_page-4-adams-synchronological-chart-of-universal-history-through-the-ey-6000005/6000005.jpg,#historical #datavisualization
dr_composite-of-adams-synchronological-chart-of-universal-history-through-6000013,"(Composite of) Adams' Synchronological Chart of Universal History. Through the Eye to the Mind. A Chronological chart of Ancient, Modern and Biblical History, Synchronized by Sebastian C. Adams. Third Edition and Twelfth-Thousand carefully and critically revised and brought down to 1878. Colby & Co. Publishers, 39 Union Square, New York. The Strowbridge Lithographing Company, Cincinnati, O. Entered According to Act of Congress in the Year A.D. 1871, by S.C. Admas, in the Office of the Librarian of Congress at Washington, D.C. (On the title page) Adams' Synchronological Chart of Universal History...Through the Eye to the Mind.",1881,[None],david-rumsey-map-collection,https://archive.org/download/dr_composite-of-adams-synchronological-chart-of-universal-history-through-6000013/6000013.jpg,#pictorialmap #historical #datavisualization
dr_the-histomap-of-evolution-earth-life-and-mankind-for-ten-thousand-million-9869002,"The Histomap of Evolution: earth, life and mankind for ten thousand million years. Arranged by John B. Sparks. Copyright, 1932, by John Sparks, 1942 edition. Printed and distributed in U.S.A. by Rand McNally & co. HZ 011. (Cover title) From the flaming planet to modern man: The Histomap of Evolution : Ten thousand million years of evolution on single page. One dollar.",1942,[None],david-rumsey-map-collection,https://archive.org/download/dr_the-histomap-of-evolution-earth-life-and-mankind-for-ten-thousand-million-9869002/9869002.jpg,#pictorialmap #datavisualization
dr_the-histomap-four-thousand-years-of-world-history-relative-power-of-conte-1810001,"The Histomap. Four Thousand Years Of World History. Relative Power Of Contemporary States, Nations And Empires. Copyright by John B. Sparks. Published by Histomap, Inc. Chicago, Ill. Printed and distributed in the U.S.A. by Rand McNally & Co., Chicago, Ill.",1931,[None],david-rumsey-map-collection,https://archive.org/download/dr_the-histomap-four-thousand-years-of-world-history-relative-power-of-conte-1810001/1810001.jpg,#pictorialmap #historical #datavisualization
dr_cosmological-diagram-the-world-of-mortals-12047000,(Cosmological Diagram-The World of Mortals.),1850,[None],david-rumsey-map-collection,https://archive.org/download/dr_cosmological-diagram-the-world-of-mortals-12047000/12047000.jpg,#religions #pictorialmap #celestial #datavisualization
dr_the-histomap-of-religion-the-story-of-mans-search-for-spiritual-unity-by-10260005,"The Histomap of Religion: The Story of Man's Search for Spiritual Unity. By John B. Sparks. Copyright 1943 by John B. Sparks. Edition of 1952. Printed by Rand McNally & Company, Chicago Illinois. Printed in U.S.A. HW 012.",1952,[None],david-rumsey-map-collection,https://archive.org/download/dr_the-histomap-of-religion-the-story-of-mans-search-for-spiritual-unity-by-10260005/10260005.jpg,#pictorialmap #datavisualization
dr_the-geologic-time-spiral-a-path-to-the-past-general-interest-publication-5-10627000,The Geologic Time Spiral-A Path to the Past. General Interest Publication 58.,2008,[None],david-rumsey-map-collection,https://archive.org/download/dr_the-geologic-time-spiral-a-path-to-the-past-general-interest-publication-5-10627000/10627000.jpg,#pictorialmap #geology #datavisualization
dr_page-6-adams-synchronological-chart-of-universal-history-through-the-ey-6000007,"(Page 6) Adams' Synchronological Chart of Universal History. Through the Eye to the Mind. A Chronological chart of Ancient, Modern and Biblical History, Synchronized by Sebastian C. Adams. Third Edition and Twelfth-Thousand carefully and critically revised and brought down to 1878. Colby & Co. Publishers, 39 Union Square, New York. The Strowbridge Lithographing Company, Cincinnati, O. Entered According to Act of Congress in the Year A.D. 1871, by S.C. Admas, in the Office of the Librarian of Congress at Washington, D.C. (On the title page) Adams' Synchronological Chart of Universal History...Through the Eye to the Mind.",1881,[None],david-rumsey-map-collection,https://archive.org/download/dr_page-6-adams-synchronological-chart-of-universal-history-through-the-ey-6000007/6000007.jpg,#historical #datavisualization
dr_page-1-adams-synchronological-chart-of-universal-history-through-the-ey-6000002,"(Page 1) Adams' Synchronological Chart of Universal History. Through the Eye to the Mind. A Chronological chart of Ancient, Modern and Biblical History, Synchronized by Sebastian C. Adams. Third Edition and Twelfth-Thousand carefully and critically revised and brought down to 1878. Colby & Co. Publishers, 39 Union Square, New York. The Strowbridge Lithographing Company, Cincinnati, O. Entered According to Act of Congress in the Year A.D. 1871, by S.C. Admas, in the Office of the Librarian of Congress at Washington, D.C. (On the title page) Adams' Synchronological Chart of Universal History...Through the Eye to the Mind.",1881,[None],david-rumsey-map-collection,https://archive.org/download/dr_page-1-adams-synchronological-chart-of-universal-history-through-the-ey-6000002/6000002.jpg,#historical #datavisualization
dr_panoramic-plan-of-the-principal-rivers-and-lakes-drawn--engraved-by-john-13033034,"Panoramic plan of the principal rivers and lakes. Drawn & Engraved by John Emslie. London. Published by James Reynolds, 174, Strand. (to accompany) Reynolds introduction to natural philosophy.",1850,[None],david-rumsey-map-collection,https://archive.org/download/dr_panoramic-plan-of-the-principal-rivers-and-lakes-drawn--engraved-by-john-13033034/13033034.jpg,#pictorialmap #datavisualization #rivers
dr_mountains-drawn--engraved-by-john-emslie-london-published-by-james-reyn-13033032,"Mountains. Drawn & Engraved by John Emslie. London. Published by James Reynolds, 174, Strand. (to accompany) Reynolds introduction to natural philosophy.",1850,[None],david-rumsey-map-collection,https://archive.org/download/dr_mountains-drawn--engraved-by-john-emslie-london-published-by-james-reyn-13033032/13033032.jpg,#pictorialmap #datavisualization #mountains;rivers
dr_page-7-adams-synchronological-chart-of-universal-history-through-the-ey-6000008,"(Page 7) Adams' Synchronological Chart of Universal History. Through the Eye to the Mind. A Chronological chart of Ancient, Modern and Biblical History, Synchronized by Sebastian C. Adams. Third Edition and Twelfth-Thousand carefully and critically revised and brought down to 1878. Colby & Co. Publishers, 39 Union Square, New York. The Strowbridge Lithographing Company, Cincinnati, O. Entered According to Act of Congress in the Year A.D. 1871, by S.C. Admas, in the Office of the Librarian of Congress at Washington, D.C. (On the title page) Adams' Synchronological Chart of Universal History...Through the Eye to the Mind.",1881,[None],david-rumsey-map-collection,https://archive.org/download/dr_page-7-adams-synchronological-chart-of-universal-history-through-the-ey-6000008/6000008.jpg,#historical #datavisualization
dr_page-10-adams-synchronological-chart-of-universal-history-through-the-e-6000011,"(Page 10) Adams' Synchronological Chart of Universal History. Through the Eye to the Mind. A Chronological chart of Ancient, Modern and Biblical History, Synchronized by Sebastian C. Adams. Third Edition and Twelfth-Thousand carefully and critically revised and brought down to 1878. Colby & Co. Publishers, 39 Union Square, New York. The Strowbridge Lithographing Company, Cincinnati, O. Entered According to Act of Congress in the Year A.D. 1871, by S.C. Admas, in the Office of the Librarian of Congress at Washington, D.C. (On the title page) Adams' Synchronological Chart of Universal History...Through the Eye to the Mind.",1881,[None],david-rumsey-map-collection,https://archive.org/download/dr_page-10-adams-synchronological-chart-of-universal-history-through-the-e-6000011/6000011.jpg,#historical #datavisualization
dr_systema-solare-et-planetarium-12129006,Systema Solare et Planetarium.,1742,[None],david-rumsey-map-collection,https://archive.org/download/dr_systema-solare-et-planetarium-12129006/12129006.jpg,#celestial #datavisualization
dr_ottoman-empire--------istanbul-1309-ru-10481000,"(Ottoman Empire) ممالك محرسى وشاهانى بك حاى واولديغى بلاد Istanbul, 1309 Rumi Calendar [1893].",1893,[None],david-rumsey-map-collection,https://archive.org/download/dr_ottoman-empire--------istanbul-1309-ru-10481000/10481000.jpg,#datavisualization #ottomanmapping
dr_historic-and-prophetic-diagram-of-the-world--gods-plan-of-salvation-for-l-13191004,"Historic and prophetic diagram of the world : God's plan of salvation for law breakers. (Text) The Story of the Ages from Creation to Redemption key to historic and prophetic diagram of the world ... By J. Elwin Woodward. Historic and Prophetic Publishing Company, Not Inc. Chicago, Ill., U.S.A. Copyrighted, 1912 by J. Elwin Woodward, London, England.",1912,[None],david-rumsey-map-collection,https://archive.org/download/dr_historic-and-prophetic-diagram-of-the-world--gods-plan-of-salvation-for-l-13191004/13191004.jpg,#pictorialmap #religions #datavisualization
dr_monialium-ebstorfensium-mappa-mundi--quae-exeunte-saeculo-xiii-videtur-pi-11458000,"Monialium Ebstorfensium mappa mundi : quae exeunte saeculo XIII. videtur picta, Hannoverae nunc adservatur, edidit Conradus Miller. Jos. Roth'sche Verlagshandlung, Stuttgart. Chromolith Kunstandstalt v. Eckstein & Stahle, Stuttgart. Editio altera 1898.",1898,[None],david-rumsey-map-collection,https://archive.org/download/dr_monialium-ebstorfensium-mappa-mundi--quae-exeunte-saeculo-xiii-videtur-pi-11458000/11458000.jpg,#datavisualization
dr_petroleum--asphalt-6920154,Petroleum & Asphalt.,1907,[None],david-rumsey-map-collection,https://archive.org/download/dr_petroleum--asphalt-6920154/6920154.jpg,#energy #datavisualization
dr_london-1899-1900-map-showing-places-of-religious-worship-public-elementa-10168000,"London, 1899-1900. Map showing Places of Religious Worship, Public Elementary Schools, and Houses Licensed for the Sale of Intoxicating Drinks.",1903,[None],david-rumsey-map-collection,https://archive.org/download/dr_london-1899-1900-map-showing-places-of-religious-worship-public-elementa-10168000/10168000.jpg,#datavisualization
dr_iron-and-steel-industry-to-accompany-ussr-soiuz-sovetskikh-sotsialistic-13675033,Iron and steel industry. (to accompany) USSR. Soiuz Sovetskikh Sotsialisticheskikh Respublik = Union of Soviet Socialist Republics. Scientific Publishing Institute of Pictorial Statistics.,1939,[None],david-rumsey-map-collection,https://archive.org/download/dr_iron-and-steel-industry-to-accompany-ussr-soiuz-sovetskikh-sotsialistic-13675033/13675033.jpg,#datavisualization #industry #energy
dr_page-2-adams-synchronological-chart-of-universal-history-through-the-ey-6000003,"(Page 2) Adams' Synchronological Chart of Universal History. Through the Eye to the Mind. A Chronological chart of Ancient, Modern and Biblical History, Synchronized by Sebastian C. Adams. Third Edition and Twelfth-Thousand carefully and critically revised and brought down to 1878. Colby & Co. Publishers, 39 Union Square, New York. The Strowbridge Lithographing Company, Cincinnati, O. Entered According to Act of Congress in the Year A.D. 1871, by S.C. Admas, in the Office of the Librarian of Congress at Washington, D.C. (On the title page) Adams' Synchronological Chart of Universal History...Through the Eye to the Mind.",1881,[None],david-rumsey-map-collection,https://archive.org/download/dr_page-2-adams-synchronological-chart-of-universal-history-through-the-ey-6000003/6000003.jpg,#historical #datavisualization
dr_page-9-adams-synchronological-chart-of-universal-history-through-the-ey-6000010,"(Page 9) Adams' Synchronological Chart of Universal History. Through the Eye to the Mind. A Chronological chart of Ancient, Modern and Biblical History, Synchronized by Sebastian C. Adams. Third Edition and Twelfth-Thousand carefully and critically revised and brought down to 1878. Colby & Co. Publishers, 39 Union Square, New York. The Strowbridge Lithographing Company, Cincinnati, O. Entered According to Act of Congress in the Year A.D. 1871, by S.C. Admas, in the Office of the Librarian of Congress at Washington, D.C. (On the title page) Adams' Synchronological Chart of Universal History...Through the Eye to the Mind.",1881,[None],david-rumsey-map-collection,https://archive.org/download/dr_page-9-adams-synchronological-chart-of-universal-history-through-the-ey-6000010/6000010.jpg,#historical #datavisualization
dr_the-scheme-of-the-state-organization-of-the-ussr-to-accompany-ussr-s-13675008,The scheme of the state organization of the U.S.S.R. (to accompany) USSR. Soiuz Sovetskikh Sotsialisticheskikh Respublik = Union of Soviet Socialist Republics. Scientific Publishing Institute of Pictorial Statistics.,1939,[None],david-rumsey-map-collection,https://archive.org/download/dr_the-scheme-of-the-state-organization-of-the-ussr-to-accompany-ussr-s-13675008/13675008.jpg,#datavisualization #political #statistical
dr_page-8-adams-synchronological-chart-of-universal-history-through-the-ey-6000009,"(Page 8) Adams' Synchronological Chart of Universal History. Through the Eye to the Mind. A Chronological chart of Ancient, Modern and Biblical History, Synchronized by Sebastian C. Adams. Third Edition and Twelfth-Thousand carefully and critically revised and brought down to 1878. Colby & Co. Publishers, 39 Union Square, New York. The Strowbridge Lithographing Company, Cincinnati, O. Entered According to Act of Congress in the Year A.D. 1871, by S.C. Admas, in the Office of the Librarian of Congress at Washington, D.C. (On the title page) Adams' Synchronological Chart of Universal History...Through the Eye to the Mind.",1881,[None],david-rumsey-map-collection,https://archive.org/download/dr_page-8-adams-synchronological-chart-of-universal-history-through-the-ey-6000009/6000009.jpg,#historical #datavisualization
dr_drawing-of-the-slave-ship-brookes-10927014,(Drawing of the slave ship 'Brookes'.),1808,[None],david-rumsey-map-collection,https://archive.org/download/dr_drawing-of-the-slave-ship-brookes-10927014/10927014.jpg,#datavisualization
dr_climatic-chart-of-the-world-showing-the-distribution-of-the-human-race-and-10096003,"Climatic Chart of the World, Showing the Distribution of the Human Race and the Animal and Vegetable Kingdoms",1893,[None],david-rumsey-map-collection,https://archive.org/download/dr_climatic-chart-of-the-world-showing-the-distribution-of-the-human-race-and-10096003/10096003.jpg,#school #pictorialmap #thematic #datavisualization
dr_arbre-geographique-contenant-les-etablissements-des-jesuites-par-toute-la-13025000,"Arbre Geographique, contenant Les Etablissements des Jesuites par toute la Terre et la Nombre des Sujets qui composen cette Societe, Tire d'un Catalogue envoye de Rome en 1762 ... Historire le la Companie de Jesus, par J. Cretineau Joly. Lith. Che. Villain, Paris.","['1762', '1844']",[None],david-rumsey-map-collection,https://archive.org/download/dr_arbre-geographique-contenant-les-etablissements-des-jesuites-par-toute-la-13025000/13025000.jpg,#datavisualization #religions #pictorialmap
dr_tableau-de-lhistoire-universelle-depuis-la-creation-jusqua-ce-jour-paris-3246001,"Tableau De L'Histoire Universelle depuis la Creation jusqu'a ce jour. Paris, Eug. Pick, Libraire-Editeur, Rue du Pont de Lodi, 5. Frault aine, imprimeur, Paris, rue des Noyers, 67. 1858",1858,[None],david-rumsey-map-collection,https://archive.org/download/dr_tableau-de-lhistoire-universelle-depuis-la-creation-jusqua-ce-jour-paris-3246001/3246001.jpg,#historical #datavisualization
dr_page-5-adams-synchronological-chart-of-universal-history-through-the-ey-6000006,"(Page 5) Adams' Synchronological Chart of Universal History. Through the Eye to the Mind. A Chronological chart of Ancient, Modern and Biblical History, Synchronized by Sebastian C. Adams. Third Edition and Twelfth-Thousand carefully and critically revised and brought down to 1878. Colby & Co. Publishers, 39 Union Square, New York. The Strowbridge Lithographing Company, Cincinnati, O. Entered According to Act of Congress in the Year A.D. 1871, by S.C. Admas, in the Office of the Librarian of Congress at Washington, D.C. (On the title page) Adams' Synchronological Chart of Universal History...Through the Eye to the Mind.",1881,[None],david-rumsey-map-collection,https://archive.org/download/dr_page-5-adams-synchronological-chart-of-universal-history-through-the-ey-6000006/6000006.jpg,#historical #datavisualization
dr_carte-ethnographique-de-la-macdoine-grecque-representant-la-repartition-et-10628000,Carte Ethnographique de la Macédoine Grecque Representant la Repartition Ethnique au mois d’août 1915.,1915,[None],david-rumsey-map-collection,https://archive.org/download/dr_carte-ethnographique-de-la-macdoine-grecque-representant-la-repartition-et-10628000/10628000.jpg,#pictorialmap #ethnography;nationality;race #datavisualization #ottomanmapping
dr_geological-chart-10096009,Geological Chart.,1893,[None],david-rumsey-map-collection,https://archive.org/download/dr_geological-chart-10096009/10096009.jpg,#school #pictorialmap #thematic #datavisualization
dr_mongolenreich-nach-1250-stdte-und-strassen-angefertigt-fr-das-bibliogra-14080012,"Mongolenreich nach 1250: Städte und Strassen. Angefertigt für das Bibliographische Institut AG., Leipzig. Gesellschafts- und Wirtschaftsmuseum in Wien. ©","['1250', '1930']",[None],david-rumsey-map-collection,https://archive.org/download/dr_mongolenreich-nach-1250-stdte-und-strassen-angefertigt-fr-das-bibliogra-14080012/14080012.jpg,#statistical #population #historical #datavisualization
dr_page-3-adams-synchronological-chart-of-universal-history-through-the-ey-6000004,"(Page 3) Adams' Synchronological Chart of Universal History. Through the Eye to the Mind. A Chronological chart of Ancient, Modern and Biblical History, Synchronized by Sebastian C. Adams. Third Edition and Twelfth-Thousand carefully and critically revised and brought down to 1878. Colby & Co. Publishers, 39 Union Square, New York. The Strowbridge Lithographing Company, Cincinnati, O. Entered According to Act of Congress in the Year A.D. 1871, by S.C. Admas, in the Office of the Librarian of Congress at Washington, D.C. (On the title page) Adams' Synchronological Chart of Universal History...Through the Eye to the Mind.",1881,[None],david-rumsey-map-collection,https://archive.org/download/dr_page-3-adams-synchronological-chart-of-universal-history-through-the-ey-6000004/6000004.jpg,#historical #datavisualization
dr_region-elementaire-ou-sublunaire-qui-comprend-les-corps-simpes-qui-sont-ele-11174000,"Region Elementaire ou Sublunaire qui Comprend Les Corps Simpes qui Sont Elements, divisez en Legers et Pesans: et Les Corps Mixtes, divisez en Imparfais, et les Parfais; Les Meteores et les Minereaux Sont les Imparfais, et les Parfais Sont les Plantes et les Animaux. Nouvelle edition revue, corrigee et augmentec par le Sieur Greg. Mariette Parisien, a Paris ... 1696.",1696,[None],david-rumsey-map-collection,https://archive.org/download/dr_region-elementaire-ou-sublunaire-qui-comprend-les-corps-simpes-qui-sont-ele-11174000/11174000.jpg,#celestial #pictorialmap #datavisualization
dr_nature-in-descending-regions-10096007,Nature in Descending Regions.,1893,[None],david-rumsey-map-collection,https://archive.org/download/dr_nature-in-descending-regions-10096007/10096007.jpg,#school #pictorialmap #thematic #datavisualization
dr_the-bedrock-geology-of-the-world-7065000,The Bedrock Geology of the World.,1985,[None],david-rumsey-map-collection,https://archive.org/download/dr_the-bedrock-geology-of-the-world-7065000/7065000.jpg,#geology #datavisualization
dr_comparative-view-of-the-principal-buildings-in-the-world-drawn--engraved-13033035,"Comparative view of the principal buildings in the world. Drawn & Engraved by John Emslie. London. Published by James Reynolds, 174, Strand. March 30, 1850. (to accompany) Reynolds introduction to natural philosophy.",1850,[None],david-rumsey-map-collection,https://archive.org/download/dr_comparative-view-of-the-principal-buildings-in-the-world-drawn--engraved-13033035/13033035.jpg,#pictorialmap #datavisualization
dr_principal-eminences-of-the-british-islands-drawn--engraved-by-john-emslie-13033033,"Principal eminences of the British Islands. Drawn & Engraved by John Emslie. London. Published by James Reynolds, 174, Strand. March 3, 1852. (to accompany) Reynolds introduction to natural philosophy.","['1852', '1850']",[None],david-rumsey-map-collection,https://archive.org/download/dr_principal-eminences-of-the-british-islands-drawn--engraved-by-john-emslie-13033033/13033033.jpg,#pictorialmap #datavisualization #mountains;rivers
dr_british-empire-at-a-glance-first-edition-14258001,British Empire at a glance. First edition.,1931,[None],david-rumsey-map-collection,https://archive.org/download/dr_british-empire-at-a-glance-first-edition-14258001/14258001.jpg,#datavisualization
dr_globe-with-figures-14336029,[Globe with figures].,1553,[None],david-rumsey-map-collection,https://archive.org/download/dr_globe-with-figures-14336029/14336029.jpg,#datavisualization
dr_carte-figurative-du-tonnage-des-chemins-de-fer-francais-en-1885-tonnage-o-12518012,Carte Figurative du Tonnage des Chemins de Fer Francais en 1885. (Tonnage of the French railroads in 1885.),"['1887', '1888']",[None],david-rumsey-map-collection,https://archive.org/download/dr_carte-figurative-du-tonnage-des-chemins-de-fer-francais-en-1885-tonnage-o-12518012/12518012.jpg,#railroad #datavisualization
dr_globe-with-zodiac-14336028,[Globe with zodiac].,1553,[None],david-rumsey-map-collection,https://archive.org/download/dr_globe-with-zodiac-14336028/14336028.jpg,#astronomy #datavisualization
dr_composite-map-descriptive-map-of-london-poverty-1889-to-accompany-labo-11486010,"(Composite map) Descriptive map of London poverty 1889. (to accompany) Labour and life of the people. Appendix to volume II. Edited by Charles Booth. William and Norgate, London; Edinburgh. 1891.","['1889', '1891']",[None],david-rumsey-map-collection,https://archive.org/download/dr_composite-map-descriptive-map-of-london-poverty-1889-to-accompany-labo-11486010/11486010.jpg,#datavisualization
dr_geographie-des-plantes-equinoxiales-tableau-physique-des-andes-et-pays-voi-11083000,"Geographie des Plantes Equinoxiales. Tableau Physique des Andes et Pays voisins, dresse d'apres des observations et des mesures prises sur les lieux depuis le 10(degree) degre de latitude boreale jusquau 10(degree) de latitude australe en 1799, 1800, 1801, 1802 et 1803. Par Alexandre de Humboldt et Aime Bonpland. Esquisse et redige par M. de Humboldt dessine par Schonberger et Turpin a paris en 1805, grave par Bouquet, la lettre par Beauble, imprime par Langlois.",1805,[None],david-rumsey-map-collection,https://archive.org/download/dr_geographie-des-plantes-equinoxiales-tableau-physique-des-andes-et-pays-voi-11083000/11083000.jpg,#vegetation #geology #mountains;rivers #datavisualization
dr_panorama-vom-inselsberg-nach-der-natur-aufgenommen-und-gestochen-von-p-ah-11287000,Panorama vom Inselsberg. Nach der natur aufgenommen und gestochen von P. Ahrens. Bibliographisches Institut in Hildburghausen.,1860,[None],david-rumsey-map-collection,https://archive.org/download/dr_panorama-vom-inselsberg-nach-der-natur-aufgenommen-und-gestochen-von-p-ah-11287000/11287000.jpg,#pictorialmap #datavisualization #panoramaround
dr_electronic-intelligence-general-dynamics-erik-nitsche-stromberg-carlson-11127000,Electronic-intelligence. General Dynamics. Erik Nitsche. Stromberg-Carlson.,1960,[None],david-rumsey-map-collection,https://archive.org/download/dr_electronic-intelligence-general-dynamics-erik-nitsche-stromberg-carlson-11127000/11127000.jpg,#pictorialmap #datavisualization
dr_le-cours-des-tems-ou-tableau-de-lhistoire-universelle-depuis-lantiquit-l-10948000,"Le Cours des Tems ou Tableau de l'Histoire Universelle depuis l'Antiquité la plus reculée jusqu' à nos jours D'Après la Carte Chronologique de Frederick Strauss, Professeur d'Histoire au corps royal des Cadets à Berlin. Terminé en 1822.",1826,[None],david-rumsey-map-collection,https://archive.org/download/dr_le-cours-des-tems-ou-tableau-de-lhistoire-universelle-depuis-lantiquit-l-10948000/10948000.jpg,#historical #datavisualization #pictorialmap
dr_chronology-delineated-to-illustrate-the-history-of-monarchical-revolution-8688000,Chronology Delineated to Illustrate the History of Monarchical Revolution.,1813,[None],david-rumsey-map-collection,https://archive.org/download/dr_chronology-delineated-to-illustrate-the-history-of-monarchical-revolution-8688000/8688000.jpg,#historical #pictorialmap #datavisualization
dr_carte-figurative-des-produits-nets-kilometriques-des-chemins-de-fer-francai-12522012,Carte Figurative des Produits Nets Kilometriques des Chemins de Fer Francais en 1890. (Net kilometric products of the French railroads in 1890.),1892,[None],david-rumsey-map-collection,https://archive.org/download/dr_carte-figurative-des-produits-nets-kilometriques-des-chemins-de-fer-francai-12522012/12522012.jpg,#transportation #railroad #datavisualization
dr_confiance--ses-amputations-se-poursuivent-methodiquement-be-reassured-9750000,"Confiance ... ses Amputations se Poursuivent Methodiquement (Be reassured, the amputations (of his tentacles) are proceeding methodically).",1942,[None],david-rumsey-map-collection,https://archive.org/download/dr_confiance--ses-amputations-se-poursuivent-methodiquement-be-reassured-9750000/9750000.jpg,#worldwarii #pictorialmap #military #datavisualization #satirical
dr_discus-chronologicus-in-quo-omnes-imperatores-et-reges-orbis-europaei-a-na-11176000,"Discus Chronologicus in quo Omnes Imperatores et Reges Orbis Europaei, a nato Christo ad praesens tempus, aequalibus seculorum intervallis, et diversis regnorum orbibus digesti ac distincti, in iusta successionis suae serie ita enumerantur et repraesentantur, ut quando quisque coeperit, quamdiu regnarit, quique eodem tempore simul diversis locis imperarint facillime cognosci possit, insertis etiam Romanis Pontificibus. Excudit Christoph Weigel. Norinbergae. Cum Privil. Sac. Caes. Majest.",1730,[None],david-rumsey-map-collection,https://archive.org/download/dr_discus-chronologicus-in-quo-omnes-imperatores-et-reges-orbis-europaei-a-na-11176000/11176000.jpg,#historical #pictorialmap #datavisualization
dr_descriptive-map-of-london-poverty-compiled-from-school-board-visitors-rep-10169000,"Descriptive Map of London Poverty, Compiled From School Board Visitors' Reports in 1887.",1889,[None],david-rumsey-map-collection,https://archive.org/download/dr_descriptive-map-of-london-poverty-compiled-from-school-board-visitors-rep-10169000/10169000.jpg,#datavisualization
dr_hor-diei-hor-noctis-14336065,Horæ diei. Horæ noctis.,1553,[None],david-rumsey-map-collection,https://archive.org/download/dr_hor-diei-hor-noctis-14336065/14336065.jpg,#astronomy #datavisualization
dr_the-tree-of-modern-art-planted-60-years-ago-8638000,"The Tree of Modern Art, Planted 60 Years Ago.",1940,[None],david-rumsey-map-collection,https://archive.org/download/dr_the-tree-of-modern-art-planted-60-years-ago-8638000/8638000.jpg,#pictorialmap #datavisualization
dr_staaten-und-bevlkerung-um-christi-geburt-angefertigt-fr-das-bibliographi-14080009,"Staaten und Bevölkerung um Christi Geburt. Angefertigt für das Bibliographische Institut AG., Leipzig. Gesellschafts- und Wirtschaftsmuseum in Wien. ©","['33 AD', '1930']",[None],david-rumsey-map-collection,https://archive.org/download/dr_staaten-und-bevlkerung-um-christi-geburt-angefertigt-fr-das-bibliographi-14080009/14080009.jpg,#statistical #population #historical #datavisualization
dr_heeresstrken-im-altertum-und-mittelalte--stehende-heere-kmpfende-heere-14080028,"Heeresstärken im Altertum und Mittelalte : Stehende Heere-Kämpfende Heere. Angefertigt für das Bibliographische Institut AG., Leipzig. Gesellschafts- und Wirtschaftsmuseum in Wien. ©","['1453', '1930']",[None],david-rumsey-map-collection,https://archive.org/download/dr_heeresstrken-im-altertum-und-mittelalte--stehende-heere-kmpfende-heere-14080028/14080028.jpg,#statistical #military #historical #datavisualization
dr_diagram-of-the-causes-of-mortality-in-the-army-in-the-east-10563002,Diagram of the Causes of Mortality in the Army in the East.,1859,[None],david-rumsey-map-collection,https://archive.org/download/dr_diagram-of-the-causes-of-mortality-in-the-army-in-the-east-10563002/10563002.jpg,#datavisualization #military
dr_view-of-nature-in-ascending-regions-10096008,View of Nature in Ascending Regions.,1893,[None],david-rumsey-map-collection,https://archive.org/download/dr_view-of-nature-in-ascending-regions-10096008/10096008.jpg,#school #pictorialmap #thematic #datavisualization #mountains;rivers
dr_composite-map-genealogical-chronological-and-geographical-chart-embracin-8687003,(Composite Map) Genealogical Chronological and Geographical Chart. Embracing Biblical and Profane History of Ancient Times from Adam to Christ.,1887,[None],david-rumsey-map-collection,https://archive.org/download/dr_composite-map-genealogical-chronological-and-geographical-chart-embracin-8687003/8687003.jpg,#historical #pictorialmap #datavisualization
dr_african-battlegrounds-time-map-by-rm-chapin-jr-for-report-documenting-11772000,"African battlegrounds. TIME map by R.M. Chapin, Jr. For report documenting above map see Time, October 12, 1942 issue.",1942,[None],david-rumsey-map-collection,https://archive.org/download/dr_african-battlegrounds-time-map-by-rm-chapin-jr-for-report-documenting-11772000/11772000.jpg,#worldwarii #military #pictorialmap #datavisualization
dr_koreh-mosatah--flat-earth-tabie-ve-nnashiri-hasan-ferid-to-accompany-y-13621004,"Koreh Mosatah = Flat Earth. Tabie ve Nnashiri Hasan Ferid. (to accompany) Yeni cografya atlasi-ىگى جغرافىا آطلسى = New geographical atlas. Dersa'adet (Istanbul), 1307-1309 (1891-1893).",1893,[None],david-rumsey-map-collection,https://archive.org/download/dr_koreh-mosatah--flat-earth-tabie-ve-nnashiri-hasan-ferid-to-accompany-y-13621004/13621004.jpg,#ottomanmapping #datavisualization
dr_versuch-einer-bersicht-der-packetboot-und-dampfschiff-fahrt-verbindungen-10504000,"Versuch einer Übersicht der Packetboot- und Dampfschiff-Fahrt-Verbindungen des Europäischen Continentes mit seinen nächsten überseeischen Umgebungen und der vorzüglichsten Wasserfahrten in dessen Innerem. Nach den neuesten officiellen Angaben verfasst, gezeichnet und herausgegeben von Franz Raffelsperger, Mitglied der Geographischen Gesellschaft in Paris. Wien 1829. Eigenthum des Verfassers. [Attempt at an Overview of Packet Boat and Steamship Connections between Europe and Overseas Ports as well as the Best Navigable Routes within the Interior. After the Latest Official Information, Authored, Drawn and Edited by Franz Raffelsperger, Member of the Geographical Society of Paris. Vienna 1829. Author’s rights reserved].",1829,[None],david-rumsey-map-collection,https://archive.org/download/dr_versuch-einer-bersicht-der-packetboot-und-dampfschiff-fahrt-verbindungen-10504000/10504000.jpg,#datavisualization #transportation #shipping
dr_sheet-1-genealogical-chronological-and-geographical-chart-embracing-bibl-8687001,(Sheet 1) Genealogical Chronological and Geographical Chart. Embracing Biblical and Profane History of Ancient Times from Adam to Christ. .,1887,[None],david-rumsey-map-collection,https://archive.org/download/dr_sheet-1-genealogical-chronological-and-geographical-chart-embracing-bibl-8687001/8687001.jpg,#historical #pictorialmap #datavisualization
dr_karte-der-zu-und-abnahme-der-bevlkerung-sterreich-ungarns-in-dem-zeitra-14348063,Karte der Zu- und Abnahme der Bevölkerung Österreich-Ungarn's in dem Zeitraume 1869 bis 1880 auf dem flachen Lande und in den Städten auf Grund der Ergebniße der Volkszählung vom 31. Dezember 1880 / von Dr. Franz Ritter von Le Monnier k. k. Ministerial-Vice-Secretär. Ed. Hölzel's geogr. Institut in Wien. Verlag von Ed. Hölzel in Wien.,"['1880', '1887']",[None],david-rumsey-map-collection,https://archive.org/download/dr_karte-der-zu-und-abnahme-der-bevlkerung-sterreich-ungarns-in-dem-zeitra-14348063/14348063.jpg,#statistical #population #datavisualization
dr_geographical-definitions-illustrated-10096002,Geographical Definitions Illustrated.,1893,[None],david-rumsey-map-collection,https://archive.org/download/dr_geographical-definitions-illustrated-10096002/10096002.jpg,#school #pictorialmap #thematic #datavisualization
dr_genealogie-des-familles-souveraines-de-leurope--issues-par-alliance-de-la-13272015,"Genealogie des familles souveraines de l'Europe : issues par alliance de la maison de France. Presente au Roy par Mr. L.C.D.S.M.D. No. G. (to accompany) Atlas Historique ... Tome I. A Amsterdam, chez L'Honore & Chatelain. M DCC XVIII (1718).","['1718', '1720']",[None],david-rumsey-map-collection,https://archive.org/download/dr_genealogie-des-familles-souveraines-de-leurope--issues-par-alliance-de-la-13272015/13272015.jpg,#datavisualization #genealogy
dr_geographie-10155001,Geographie.,1587,[None],david-rumsey-map-collection,https://archive.org/download/dr_geographie-10155001/10155001.jpg,#datavisualization #geography
dr_figur-eclipsium-ad-meridianum-parisiensem-14336019,Figuræ eclipsium ad meridianum parisiensem.,1553,[None],david-rumsey-map-collection,https://archive.org/download/dr_figur-eclipsium-ad-meridianum-parisiensem-14336019/14336019.jpg,#astronomy #datavisualization #historical
dr_zrich-ii-funktionale-gliederung-und-bevlkerung--zurich-ii-structure-fo-14256181,"Zürich II. Funktionale Gliederung und Bevölkerung = Zurich II. Structure foncionnelle et population : 1. Funktionale Gliederung im Jahre 1974 = Structure fonctionnelle en 1974-2. Bevölkerungdichte 1970 = Densité de la population en 1970-3. Wohnbevölkerung 1970 und Beschäftigte 1965 nach Stadtquartieren = Population résidante en 1970 et personnes employés en 1965 seon les quartiers de la ville-4. Agglomeration Zürich 1970, Zu- und Abnahme der Bevölkerung von 1950 bis 1970 in % der Bevölkerungszahlen von 1950 nach Gemeinden. Innerhalb der Gemeinde Zürich nach Stadtquartieren = Agglomération zurichoise en 1970 = Augmentation et diminution de la population de 1950 à 1970, en % des chiffres de 1950, par communes. Dans la commune de Zurich, par quartiers-5. Das Gebiet der Agglomeration Zürich = Le territoire de l'agglomération zurichoise. Bearbeiter ... : Eduard Imhof, nach den Daten des Statostoschen Amtes der Stadt Zürich ... Kartographische Gestaltung: Redaktion des Atlas der Schweiz, Eidgenössischen Technische Hochschule, Zürich ... © Atlas der Schweiz. Eidg. Landestopographie, Wabern-Bern, 1975 ...","['1975', '1978']",[None],david-rumsey-map-collection,https://archive.org/download/dr_zrich-ii-funktionale-gliederung-und-bevlkerung--zurich-ii-structure-fo-14256181/14256181.jpg,#historical #landdevelopment #statistical #population #commerce;economics #datavisualization
dr_apollo-manned-lunar-landing--goss-mission-profile-nasa-office-of-manned-11805000,"Apollo manned lunar landing : GOSS mission profile. NASA, Office of Manned Space Flight. U.S. Government Printing Office : 1969 0- 338-595.",1969,[None],david-rumsey-map-collection,https://archive.org/download/dr_apollo-manned-lunar-landing--goss-mission-profile-nasa-office-of-manned-11805000/11805000.jpg,#exploration #moon #pictorialmap #datavisualization #space
dr_tarakom-jamiat-dar-shahrestan-ha--1345--population-density-in-townships-13114075,Tarakom jamiat dar shahrestan ha ... 1345 = Population density in townships 1966-67 census. (to accompany) Atlas of Iran : white revolution = Atlas-i Enqelab-e Sefid-e Iran. Sahab G. D. I.,"['1967', '1972']",[None],david-rumsey-map-collection,https://archive.org/download/dr_tarakom-jamiat-dar-shahrestan-ha--1345--population-density-in-townships-13114075/13114075.jpg,#datavisualization #statistical #population
dr_locomotive-engine-drawn--engraved-by-john-emslie-published-septr-25th-13040000,"Locomotive engine. Drawn & Engraved by John Emslie. Published Septr. 25th. 1848 by James Reynolds, 174, Strand. London.",1848,[None],david-rumsey-map-collection,https://archive.org/download/dr_locomotive-engine-drawn--engraved-by-john-emslie-published-septr-25th-13040000/13040000.jpg,#pictorialmap #datavisualization
dr_panoramic-plan-of-the-principal-rivers-and-lakes-drawn-and-engraved-by-joh-3431006,Panoramic plan of the principal rivers and lakes. Drawn and engraved by John Emslie. London. Published by James Reynolds 174 Strand. (to accompany) Geological Diagrams.,1851,[None],david-rumsey-map-collection,https://archive.org/download/dr_panoramic-plan-of-the-principal-rivers-and-lakes-drawn-and-engraved-by-joh-3431006/3431006.jpg,#mountains;rivers #datavisualization
dr_map-of-china-compiled-by-john-a-diakoff-scientific-colaborator-of-the-fo-11337000,"Map of China. Compiled by John A. Diakoff, scientific colaborator of the former Russian Oriantalist's Society ; Drawn by Mr. G. Primakoff. Engraved by Mr. P. Sergeeff. Approved by: Department of Education of the Three Eastern Provinces, Institute of Oriental and Commercial Sciences and Pedagogical Institute, Harbin. Recommended for use in Middle and High Schools. Published by Northern Trading Co., Ltd. & Mr. V.F. Yan-hsiun. Printed by the Lithography of the ""Northern Trading Co., Ltd. Harbin. 1931. (insets) January Isotherms. (with) July Isotherms.",1931,[None],david-rumsey-map-collection,https://archive.org/download/dr_map-of-china-compiled-by-john-a-diakoff-scientific-colaborator-of-the-fo-11337000/11337000.jpg,#pictorialmap #datavisualization
dr_stream-of-time-or-chart-of-universal-history-from-the-original-german-of-1704000,"Stream Of Time, Or Chart Of Universal History, From The Original German Of Strass. Revised By D. Haskel. Published By J.H. Colton, No. 86 Cedar St. New York 1842.",1842,[None],david-rumsey-map-collection,https://archive.org/download/dr_stream-of-time-or-chart-of-universal-history-from-the-original-german-of-1704000/1704000.jpg,#pictorialmap #historical #datavisualization
dr_index-to-the-metropolitan-transportation-authority-revised-map-of-the-rap-9891002,"(Index to) The Metropolitan Transportation Authority revised map of the rapid transit facilities of New York City Transit Authority. New York City Transit Authority, 1972. (Cover title) New York Subway guide : New York City Transit Authority.",1972,[None],david-rumsey-map-collection,https://archive.org/download/dr_index-to-the-metropolitan-transportation-authority-revised-map-of-the-rap-9891002/9891002.jpg,#subway #pictorialmap #transit #datavisualization
dr_the-temple-of-time-invented-by-emma-willard-published-by-as-barnes--co-13233002,"The Temple of Time. Invented by Emma Willard. Published by A.S. Barnes & Co. New York. Entered according to act of Congress, 1846, by Emma Willard. Published by A.S. Barnes & Co. New York. (cover title) Willard's map of time : a companion to the Historic guide. By Emma Willard.",1846,[None],david-rumsey-map-collection,https://archive.org/download/dr_the-temple-of-time-invented-by-emma-willard-published-by-as-barnes--co-13233002/13233002.jpg,#datavisualization #ethnography;nationality;race
dr_the-story-map-of-flying--being-a-chronicle-of-mans-conquest-of-the-air--8053000,"The story map of flying : Being a chronicle of man's conquest of the air : Designed, pictured and published by Ernest Dudley Chase of Winchester, Massachusetts, U.S.A. Copyright, Ernest Dudley Chase Winchester, Mass., U.S.A.",1942,[None],david-rumsey-map-collection,https://archive.org/download/dr_the-story-map-of-flying--being-a-chronicle-of-mans-conquest-of-the-air--8053000/8053000.jpg,#airlines #pictorialmap #datavisualization
dr_text-page-to-appendix-2-14336066,(Text Page to) Appendix. (2),1553,[None],david-rumsey-map-collection,https://archive.org/download/dr_text-page-to-appendix-2-14336066/14336066.jpg,#astronomy #datavisualization
dr_natural-vegetation--alnabatat-altabieia-to-accompany-atlas-al-watani-li-13405035,Natural vegetation = Alnabatat altabieia. (to accompany) Atlas al-watani lil-Jamahiriyah al-ʻArabiyah al-Libiyah al-Shabiyah al-Ishtirakiyah = National atlas of the Socialist People's Libyan Arab Jamahiriya.,1978,[None],david-rumsey-map-collection,https://archive.org/download/dr_natural-vegetation--alnabatat-altabieia-to-accompany-atlas-al-watani-li-13405035/13405035.jpg,#datavisualization #phytogeography
dr_imago-romanii-imperii-ssp-et-d-n-clementi-xi-pom-rom-imp-imagin-9936000,"Imago Romanii Imperii. S.S.P., et D. N. Clementi XI P.O.M. Rom. Imp. Imagin. Hier. Andreas Martignonus D.D.D. ; Barth. Ioseph Tasniere sculp. Taurini 1718.",1721,[None],david-rumsey-map-collection,https://archive.org/download/dr_imago-romanii-imperii-ssp-et-d-n-clementi-xi-pom-rom-imp-imagin-9936000/9936000.jpg,#historical #datavisualization
dr_mongolenreich-nach-1250-produktion-angefertigt-fr-das-bibliographische-i-14080013,"Mongolenreich nach 1250: Produktion. Angefertigt für das Bibliographische Institut AG., Leipzig. Gesellschafts- und Wirtschaftsmuseum in Wien. ©","['1250', '1930']",[None],david-rumsey-map-collection,https://archive.org/download/dr_mongolenreich-nach-1250-produktion-angefertigt-fr-das-bibliographische-i-14080013/14080013.jpg,#statistical #naturalresources #historical #datavisualization
dr_the-new-buildings-at-croydon-aerodrome--first-floor-plan-ground-floor-plan-14344084,"The new buildings at Croydon aerodrome : First floor plan-Ground floor plan. H.M.S.O., Cr.",1926,[None],david-rumsey-map-collection,https://archive.org/download/dr_the-new-buildings-at-croydon-aerodrome--first-floor-plan-ground-floor-plan-14344084/14344084.jpg,#airlines #military #datavisualization
dr_mountains-drawn-and-engraved-by-john-emslie-london-published-by-james-re-3431005,Mountains. Drawn and engraved by John Emslie. London. Published by James Reynolds 174 Strand. (to accompany) Geological Diagrams.,1851,[None],david-rumsey-map-collection,https://archive.org/download/dr_mountains-drawn-and-engraved-by-john-emslie-london-published-by-james-re-3431005/3431005.jpg,#mountains;rivers #datavisualization
dr_xxx-palmanova-55-10198079,XXX. Palmanova. 55.,1963,[None],david-rumsey-map-collection,https://archive.org/download/dr_xxx-palmanova-55-10198079/10198079.jpg,#landuse #datavisualization
dr_view-taf-xii-arbildungen-aus-der-meteorologie-die-verschiedenen-ersche-7990019,"(View) Taf. XII. Arbildungen aus der Meteorologie, die Verschiedenen Erscheinngen der Atmosphare Darstellend. (Pictures from meteorology, depicting the different states of the atmosphere.)","['1855', '1851']",[None],david-rumsey-map-collection,https://archive.org/download/dr_view-taf-xii-arbildungen-aus-der-meteorologie-die-verschiedenen-ersche-7990019/7990019.jpg,#celestial #datavisualization
dr_frontispiece-lengths-of-the-principal-rivers-in-the-world-heights-of-the-4835003,(Frontispiece) Lengths of the Principal Rivers in the World. Heights of the Principal Mountains in the World.,1850,[None],david-rumsey-map-collection,https://archive.org/download/dr_frontispiece-lengths-of-the-principal-rivers-in-the-world-heights-of-the-4835003/4835003.jpg,#mountains;rivers #datavisualization
dr_i-have-returned-time-map-by-rm-chapin-jr-for-report-documenting-above-11770000,"I have returned. TIME map by R.M. Chapin, Jr. For report documenting above map see TIME, October 30, 1944 issue.",1944,[None],david-rumsey-map-collection,https://archive.org/download/dr_i-have-returned-time-map-by-rm-chapin-jr-for-report-documenting-above-11770000/11770000.jpg,#worldwarii #military #pictorialmap #datavisualization
dr_temperate-zone-10096006,Temperate Zone.,1893,[None],david-rumsey-map-collection,https://archive.org/download/dr_temperate-zone-10096006/10096006.jpg,#school #pictorialmap #thematic #datavisualization
dr_hozehaye-abgir-roodkhaneha--river-basins-to-accompany-atlas-of-iran--13114063,"Hozehaye abgir, roodkhaneha = River basins. (to accompany) Atlas of Iran : white revolution = Atlas-i Enqelab-e Sefid-e Iran. Sahab G. D. I.",1972,[None],david-rumsey-map-collection,https://archive.org/download/dr_hozehaye-abgir-roodkhaneha--river-basins-to-accompany-atlas-of-iran--13114063/13114063.jpg,#datavisualization #rivers
dr_-----kharituh-zamaniat-lilealam-alearabii--min-sada-13527002,"خريطه زمنية للعالم العربي = Kharituh zamaniat lilealam Alearabii : min sadar al'islam hatta sanat 1962 m. = Timeline map of the Arab world. from early Islam until 1962. Talif : Abbas Mahmoud el Sherif. Muhamad Syd Nasr. Wizarat Altarbiat Waltaelim. Alnaashir : Shirkat markaz kitab Alsharq Alawsat, Alqahr. (cover) Kharitat raqm 1 : Alkharitat alzamaniat lilealam Alearabii.",1962,[None],david-rumsey-map-collection,https://archive.org/download/dr_-----kharituh-zamaniat-lilealam-alearabii--min-sada-13527002/13527002.jpg,#datavisualization #historical #ottomanmapping
dr_waterfalls-drawn-and-engraved-by-john-emslie-1846-london-published-by-j-3431007,"Waterfalls. Drawn and engraved by John Emslie, 1846. London. Published by James Reynolds 174 Strand. Reeves & Sons. Rocks & Co. Peacock & Mansfield. (to accompany) Geological Diagrams.","['1846', '1851']",[None],david-rumsey-map-collection,https://archive.org/download/dr_waterfalls-drawn-and-engraved-by-john-emslie-1846-london-published-by-j-3431007/3431007.jpg,#mountains;rivers #datavisualization
dr_grand-albero-genealogico-storico-dei-popoli-italiani-12315000,Grand' Albero Genealogico Storico Dei Popoli Italiani.,"['1826', '1827']",[None],david-rumsey-map-collection,https://archive.org/download/dr_grand-albero-genealogico-storico-dei-popoli-italiani-12315000/12315000.jpg,#historical #datavisualization
dr_map-of-the-union-republics-autonomous-republics-autonomous-regions-and-na-13675009,"Map of the Union Republics, Autonomous Republics, Autonomous Regions and National areas of the U.S.S.R. (to accompany) USSR. Soiuz Sovetskikh Sotsialisticheskikh Respublik = Union of Soviet Socialist Republics. Scientific Publishing Institute of Pictorial Statistics.",1939,[None],david-rumsey-map-collection,https://archive.org/download/dr_map-of-the-union-republics-autonomous-republics-autonomous-regions-and-na-13675009/13675009.jpg,#datavisualization
dr_a-new-map-of-the-world-there-will-be-a-cycle-change-of-this-globe-in-near-13290003,"A new map of the world (There will be a cycle change of this globe in near future). Copyright 1938 by Andrew Zingg, Iowa.",1938,[None],david-rumsey-map-collection,https://archive.org/download/dr_a-new-map-of-the-world-there-will-be-a-cycle-change-of-this-globe-in-near-13290003/13290003.jpg,#datavisualization
dr_lipton-lunar-space-map-zaffo-11431000,Lipton Lunar Space Map. Zaffo.,1969,[None],david-rumsey-map-collection,https://archive.org/download/dr_lipton-lunar-space-map-zaffo-11431000/11431000.jpg,#datavisualization #space
dr_system-according-to-the-holy-scriptures-drawn-by-issac-frost-printed-in-o-11274005,"System According to the Holy Scriptures. Drawn by Issac Frost. Printed in oil colors by G. Baxter, 11, Northampton Square, R., London. Engraved by W. P. Chubb & Son. (Muggletonian Celestial; Planetary Motion Prints). Plate 9.",1846,[None],david-rumsey-map-collection,https://archive.org/download/dr_system-according-to-the-holy-scriptures-drawn-by-issac-frost-printed-in-o-11274005/11274005.jpg,#celestial #pictorialmap #datavisualization #space
dr_a-new-chart-of-history-j-priestley-lld-frs-invt-et-del--to-benjamin-6747000,"A new chart of history. J. Priestley LLD. FRS. Invt. et del. : To Benjamin Franklin LL. D.F.R.S. this chart is in testimony of esteem & friendship, inscribed by his most obliged humble servt. Joseph Priestley. ""Pulman script. Butterworth sculpt. Leeds."" Engraved and published according to Act of Parliament April 11th. 1769 by J. Johnson in Pater-noster Row London. J. Bowles No. 13. Cornhill. C. Bowles No. 69. St. Pauls Church Yard. R. Sayer No. 53 Fleet Street and T. Jefferys the corner of St. Martins Lane Charing Cross. Where may be had Dr. Priestley's biographical chart pr. 10s. 6d.",1769,[None],david-rumsey-map-collection,https://archive.org/download/dr_a-new-chart-of-history-j-priestley-lld-frs-invt-et-del--to-benjamin-6747000/6747000.jpg,#historical #datavisualization
